{
  "name": "member",
  "dbName": null,
  "fields": [
    {
      "name": "id",
      "kind": "scalar",
      "isList": false,
      "isRequired": true,
      "isUnique": false,
      "isId": true,
      "isReadOnly": false,
      "hasDefaultValue": true,
      "type": "String",
      "default": {
        "name": "uuid",
        "args": []
      },
      "isGenerated": false,
      "isUpdatedAt": false
    },
    {
      "name": "name",
      "kind": "scalar",
      "isList": false,
      "isRequired": true,
      "isUnique": false,
      "isId": false,
      "isReadOnly": false,
      "hasDefaultValue": false,
      "type": "String",
      "isGenerated": false,
      "isUpdatedAt": false
    },
    {
      "name": "display_name",
      "kind": "scalar",
      "isList": false,
      "isRequired": true,
      "isUnique": false,
      "isId": false,
      "isReadOnly": false,
      "hasDefaultValue": false,
      "type": "String",
      "isGenerated": false,
      "isUpdatedAt": false
    },
    {
      "name": "type",
      "kind": "scalar",
      "isList": false,
      "isRequired": true,
      "isUnique": false,
      "isId": false,
      "isReadOnly": false,
      "hasDefaultValue": false,
      "type": "Int",
      "isGenerated": false,
      "isUpdatedAt": false
    },
    {
      "name": "created_by",
      "kind": "scalar",
      "isList": false,
      "isRequired": false,
      "isUnique": false,
      "isId": false,
      "isReadOnly": true,
      "hasDefaultValue": false,
      "type": "String",
      "isGenerated": false,
      "isUpdatedAt": false
    },
    {
      "name": "updated_by",
      "kind": "scalar",
      "isList": false,
      "isRequired": false,
      "isUnique": false,
      "isId": false,
      "isReadOnly": true,
      "hasDefaultValue": false,
      "type": "String",
      "isGenerated": false,
      "isUpdatedAt": false
    },
    {
      "name": "created_at",
      "kind": "scalar",
      "isList": false,
      "isRequired": false,
      "isUnique": false,
      "isId": false,
      "isReadOnly": false,
      "hasDefaultValue": true,
      "type": "DateTime",
      "default": {
        "name": "now",
        "args": []
      },
      "isGenerated": false,
      "isUpdatedAt": false
    },
    {
      "name": "updated_at",
      "kind": "scalar",
      "isList": false,
      "isRequired": false,
      "isUnique": false,
      "isId": false,
      "isReadOnly": false,
      "hasDefaultValue": false,
      "type": "DateTime",
      "isGenerated": false,
      "isUpdatedAt": true
    },
    {
      "name": "tenant_id",
      "kind": "scalar",
      "isList": false,
      "isRequired": false,
      "isUnique": false,
      "isId": false,
      "isReadOnly": true,
      "hasDefaultValue": false,
      "type": "String",
      "isGenerated": false,
      "isUpdatedAt": false
    }
  ],
  "primaryKey": null,
  "uniqueFields": [],
  "uniqueIndexes": [],
  "isGenerated": false,
  "relations": [
    {
      "name": "member_tenant_id",
      "kind": "object",
      "isList": false,
      "isRequired": false,
      "isUnique": false,
      "isId": false,
      "isReadOnly": false,
      "hasDefaultValue": false,
      "type": "tenant",
      "relationName": "member_tenant_id",
      "relationFromFields": [
        "tenant_id"
      ],
      "relationToFields": [
        "id"
      ],
      "isGenerated": false,
      "isUpdatedAt": false
    },
    {
      "name": "member_created_by",
      "kind": "object",
      "isList": false,
      "isRequired": false,
      "isUnique": false,
      "isId": false,
      "isReadOnly": false,
      "hasDefaultValue": false,
      "type": "member",
      "relationName": "member_created_by",
      "relationFromFields": [
        "created_by"
      ],
      "relationToFields": [
        "id"
      ],
      "isGenerated": false,
      "isUpdatedAt": false
    },
    {
      "name": "member_created_by_fk",
      "kind": "object",
      "isList": true,
      "isRequired": true,
      "isUnique": false,
      "isId": false,
      "isReadOnly": false,
      "hasDefaultValue": false,
      "type": "member",
      "relationName": "member_created_by",
      "relationFromFields": [
        "created_by"
      ],
      "relationToFields": [
        "id"
      ],
      "isGenerated": false,
      "isUpdatedAt": false
    },
    {
      "name": "member_updated_by",
      "kind": "object",
      "isList": false,
      "isRequired": false,
      "isUnique": false,
      "isId": false,
      "isReadOnly": false,
      "hasDefaultValue": false,
      "type": "member",
      "relationName": "member_updated_by",
      "relationFromFields": [
        "updated_by"
      ],
      "relationToFields": [
        "id"
      ],
      "isGenerated": false,
      "isUpdatedAt": false
    },
    {
      "name": "member_updated_by_fk",
      "kind": "object",
      "isList": true,
      "isRequired": true,
      "isUnique": false,
      "isId": false,
      "isReadOnly": false,
      "hasDefaultValue": false,
      "type": "member",
      "relationName": "member_updated_by",
      "relationFromFields": [
        "updated_by"
      ],
      "relationToFields": [
        "id"
      ],
      "isGenerated": false,
      "isUpdatedAt": false
    },
    {
      "name": "organisation_created_by_fk",
      "kind": "object",
      "isList": true,
      "isRequired": true,
      "isUnique": false,
      "isId": false,
      "isReadOnly": false,
      "hasDefaultValue": false,
      "type": "organisation",
      "relationName": "organisation_created_by",
      "relationFromFields": [],
      "relationToFields": [],
      "isGenerated": false,
      "isUpdatedAt": false
    },
    {
      "name": "organisation_updated_by_fk",
      "kind": "object",
      "isList": true,
      "isRequired": true,
      "isUnique": false,
      "isId": false,
      "isReadOnly": false,
      "hasDefaultValue": false,
      "type": "organisation",
      "relationName": "organisation_updated_by",
      "relationFromFields": [],
      "relationToFields": [],
      "isGenerated": false,
      "isUpdatedAt": false
    },
    {
      "name": "organisation_id_fk",
      "kind": "object",
      "isList": true,
      "isRequired": true,
      "isUnique": false,
      "isId": false,
      "isReadOnly": false,
      "hasDefaultValue": false,
      "type": "organisation",
      "relationName": "organisation_id",
      "relationFromFields": [],
      "relationToFields": [],
      "isGenerated": false,
      "isUpdatedAt": false
    },
    {
      "name": "organisation_type_created_by_fk",
      "kind": "object",
      "isList": true,
      "isRequired": true,
      "isUnique": false,
      "isId": false,
      "isReadOnly": false,
      "hasDefaultValue": false,
      "type": "organisation_type",
      "relationName": "organisation_type_created_by",
      "relationFromFields": [],
      "relationToFields": [],
      "isGenerated": false,
      "isUpdatedAt": false
    },
    {
      "name": "organisation_type_updated_by_fk",
      "kind": "object",
      "isList": true,
      "isRequired": true,
      "isUnique": false,
      "isId": false,
      "isReadOnly": false,
      "hasDefaultValue": false,
      "type": "organisation_type",
      "relationName": "organisation_type_updated_by",
      "relationFromFields": [],
      "relationToFields": [],
      "isGenerated": false,
      "isUpdatedAt": false
    },
    {
      "name": "user_created_by_fk",
      "kind": "object",
      "isList": true,
      "isRequired": true,
      "isUnique": false,
      "isId": false,
      "isReadOnly": false,
      "hasDefaultValue": false,
      "type": "user",
      "relationName": "user_created_by",
      "relationFromFields": [],
      "relationToFields": [],
      "isGenerated": false,
      "isUpdatedAt": false
    },
    {
      "name": "user_updated_by_fk",
      "kind": "object",
      "isList": true,
      "isRequired": true,
      "isUnique": false,
      "isId": false,
      "isReadOnly": false,
      "hasDefaultValue": false,
      "type": "user",
      "relationName": "user_updated_by",
      "relationFromFields": [],
      "relationToFields": [],
      "isGenerated": false,
      "isUpdatedAt": false
    },
    {
      "name": "user_id_fk",
      "kind": "object",
      "isList": true,
      "isRequired": true,
      "isUnique": false,
      "isId": false,
      "isReadOnly": false,
      "hasDefaultValue": false,
      "type": "user",
      "relationName": "user_id",
      "relationFromFields": [],
      "relationToFields": [],
      "isGenerated": false,
      "isUpdatedAt": false
    },
    {
      "name": "stage_created_by_fk",
      "kind": "object",
      "isList": true,
      "isRequired": true,
      "isUnique": false,
      "isId": false,
      "isReadOnly": false,
      "hasDefaultValue": false,
      "type": "stage",
      "relationName": "stage_created_by",
      "relationFromFields": [],
      "relationToFields": [],
      "isGenerated": false,
      "isUpdatedAt": false
    },
    {
      "name": "stage_updated_by_fk",
      "kind": "object",
      "isList": true,
      "isRequired": true,
      "isUnique": false,
      "isId": false,
      "isReadOnly": false,
      "hasDefaultValue": false,
      "type": "stage",
      "relationName": "stage_updated_by",
      "relationFromFields": [],
      "relationToFields": [],
      "isGenerated": false,
      "isUpdatedAt": false
    },
    {
      "name": "process_created_by_fk",
      "kind": "object",
      "isList": true,
      "isRequired": true,
      "isUnique": false,
      "isId": false,
      "isReadOnly": false,
      "hasDefaultValue": false,
      "type": "process",
      "relationName": "process_created_by",
      "relationFromFields": [],
      "relationToFields": [],
      "isGenerated": false,
      "isUpdatedAt": false
    },
    {
      "name": "process_updated_by_fk",
      "kind": "object",
      "isList": true,
      "isRequired": true,
      "isUnique": false,
      "isId": false,
      "isReadOnly": false,
      "hasDefaultValue": false,
      "type": "process",
      "relationName": "process_updated_by",
      "relationFromFields": [],
      "relationToFields": [],
      "isGenerated": false,
      "isUpdatedAt": false
    },
    {
      "name": "process_path_created_by_fk",
      "kind": "object",
      "isList": true,
      "isRequired": true,
      "isUnique": false,
      "isId": false,
      "isReadOnly": false,
      "hasDefaultValue": false,
      "type": "process_path",
      "relationName": "process_path_created_by",
      "relationFromFields": [],
      "relationToFields": [],
      "isGenerated": false,
      "isUpdatedAt": false
    },
    {
      "name": "process_path_updated_by_fk",
      "kind": "object",
      "isList": true,
      "isRequired": true,
      "isUnique": false,
      "isId": false,
      "isReadOnly": false,
      "hasDefaultValue": false,
      "type": "process_path",
      "relationName": "process_path_updated_by",
      "relationFromFields": [],
      "relationToFields": [],
      "isGenerated": false,
      "isUpdatedAt": false
    },
    {
      "name": "ticket_created_by_fk",
      "kind": "object",
      "isList": true,
      "isRequired": true,
      "isUnique": false,
      "isId": false,
      "isReadOnly": false,
      "hasDefaultValue": false,
      "type": "ticket",
      "relationName": "ticket_created_by",
      "relationFromFields": [],
      "relationToFields": [],
      "isGenerated": false,
      "isUpdatedAt": false
    },
    {
      "name": "ticket_updated_by_fk",
      "kind": "object",
      "isList": true,
      "isRequired": true,
      "isUnique": false,
      "isId": false,
      "isReadOnly": false,
      "hasDefaultValue": false,
      "type": "ticket",
      "relationName": "ticket_updated_by",
      "relationFromFields": [],
      "relationToFields": [],
      "isGenerated": false,
      "isUpdatedAt": false
    },
    {
      "name": "ticket_revision_created_by_fk",
      "kind": "object",
      "isList": true,
      "isRequired": true,
      "isUnique": false,
      "isId": false,
      "isReadOnly": false,
      "hasDefaultValue": false,
      "type": "ticket_revision",
      "relationName": "ticket_revision_created_by",
      "relationFromFields": [],
      "relationToFields": [],
      "isGenerated": false,
      "isUpdatedAt": false
    },
    {
      "name": "ticket_revision_updated_by_fk",
      "kind": "object",
      "isList": true,
      "isRequired": true,
      "isUnique": false,
      "isId": false,
      "isReadOnly": false,
      "hasDefaultValue": false,
      "type": "ticket_revision",
      "relationName": "ticket_revision_updated_by",
      "relationFromFields": [],
      "relationToFields": [],
      "isGenerated": false,
      "isUpdatedAt": false
    },
    {
      "name": "ticket_activity_created_by_fk",
      "kind": "object",
      "isList": true,
      "isRequired": true,
      "isUnique": false,
      "isId": false,
      "isReadOnly": false,
      "hasDefaultValue": false,
      "type": "ticket_activity",
      "relationName": "ticket_activity_created_by",
      "relationFromFields": [],
      "relationToFields": [],
      "isGenerated": false,
      "isUpdatedAt": false
    },
    {
      "name": "ticket_activity_updated_by_fk",
      "kind": "object",
      "isList": true,
      "isRequired": true,
      "isUnique": false,
      "isId": false,
      "isReadOnly": false,
      "hasDefaultValue": false,
      "type": "ticket_activity",
      "relationName": "ticket_activity_updated_by",
      "relationFromFields": [],
      "relationToFields": [],
      "isGenerated": false,
      "isUpdatedAt": false
    },
    {
      "name": "ticket_activity_assignee_id_fk",
      "kind": "object",
      "isList": true,
      "isRequired": true,
      "isUnique": false,
      "isId": false,
      "isReadOnly": false,
      "hasDefaultValue": false,
      "type": "ticket_activity",
      "relationName": "ticket_activity_assignee_id",
      "relationFromFields": [],
      "relationToFields": [],
      "isGenerated": false,
      "isUpdatedAt": false
    },
    {
      "name": "address_created_by",
      "kind": "object",
      "isList": true,
      "isRequired": true,
      "isUnique": false,
      "isId": false,
      "isReadOnly": false,
      "hasDefaultValue": false,
      "type": "address",
      "relationName": "address_created_by",
      "relationFromFields": [],
      "relationToFields": [],
      "isGenerated": false,
      "isUpdatedAt": false
    },
    {
      "name": "address_updated_by",
      "kind": "object",
      "isList": true,
      "isRequired": true,
      "isUnique": false,
      "isId": false,
      "isReadOnly": false,
      "hasDefaultValue": false,
      "type": "address",
      "relationName": "address_updated_by",
      "relationFromFields": [],
      "relationToFields": [],
      "isGenerated": false,
      "isUpdatedAt": false
    },
    {
      "name": "member_fk",
      "kind": "object",
      "isList": true,
      "isRequired": true,
      "isUnique": false,
      "isId": false,
      "isReadOnly": false,
      "hasDefaultValue": false,
      "type": "roles",
      "relationName": "member_id",
      "relationFromFields": [],
      "relationToFields": [],
      "isGenerated": false,
      "isUpdatedAt": false
    },
    {
      "name": "platform_invites_created_by",
      "kind": "object",
      "isList": true,
      "isRequired": true,
      "isUnique": false,
      "isId": false,
      "isReadOnly": false,
      "hasDefaultValue": false,
      "type": "platform_invites",
      "relationName": "platform_invites_created_by",
      "relationFromFields": [],
      "relationToFields": [],
      "isGenerated": false,
      "isUpdatedAt": false
    },
    {
      "name": "platform_invites_updated_by",
      "kind": "object",
      "isList": true,
      "isRequired": true,
      "isUnique": false,
      "isId": false,
      "isReadOnly": false,
      "hasDefaultValue": false,
      "type": "platform_invites",
      "relationName": "platform_invites_updated_by",
      "relationFromFields": [],
      "relationToFields": [],
      "isGenerated": false,
      "isUpdatedAt": false
    },
    {
      "name": "invite_logs_created_by_fk",
      "kind": "object",
      "isList": true,
      "isRequired": true,
      "isUnique": false,
      "isId": false,
      "isReadOnly": false,
      "hasDefaultValue": false,
      "type": "invite_logs",
      "relationName": "invite_logs_created_by",
      "relationFromFields": [],
      "relationToFields": [],
      "isGenerated": false,
      "isUpdatedAt": false
    },
    {
      "name": "invite_logs_updated_by_fk",
      "kind": "object",
      "isList": true,
      "isRequired": true,
      "isUnique": false,
      "isId": false,
      "isReadOnly": false,
      "hasDefaultValue": false,
      "type": "invite_logs",
      "relationName": "invite_logs_updated_by",
      "relationFromFields": [],
      "relationToFields": [],
      "isGenerated": false,
      "isUpdatedAt": false
    },
    {
      "name": "platform_invites",
      "kind": "object",
      "isList": true,
      "isRequired": true,
      "isUnique": false,
      "isId": false,
      "isReadOnly": false,
      "hasDefaultValue": false,
      "type": "platform_invites",
      "relationName": "memberToplatform_invites",
      "relationFromFields": [],
      "relationToFields": [],
      "isGenerated": false,
      "isUpdatedAt": false
    },
    {
      "name": "dwolla_customers",
      "kind": "object",
      "isList": false,
      "isRequired": false,
      "isUnique": false,
      "isId": false,
      "isReadOnly": false,
      "hasDefaultValue": false,
      "type": "dwolla_customers",
      "relationName": "dwolla_customersTomember",
      "relationFromFields": [],
      "relationToFields": [],
      "isGenerated": false,
      "isUpdatedAt": false
    },
    {
      "name": "funding_source",
      "kind": "object",
      "isList": true,
      "isRequired": true,
      "isUnique": false,
      "isId": false,
      "isReadOnly": false,
      "hasDefaultValue": false,
      "type": "funding_source",
      "relationName": "funding_sourceTomember",
      "relationFromFields": [],
      "relationToFields": [],
      "isGenerated": false,
      "isUpdatedAt": false
    },
    {
      "name": "ar_attachments_created_by",
      "kind": "object",
      "isList": true,
      "isRequired": true,
      "isUnique": false,
      "isId": false,
      "isReadOnly": false,
      "hasDefaultValue": false,
      "type": "accounts_recivable_attachments",
      "relationName": "ar_attachments_created_by",
      "relationFromFields": [],
      "relationToFields": [],
      "isGenerated": false,
      "isUpdatedAt": false
    },
    {
      "name": "ar_attachments_updated_by",
      "kind": "object",
      "isList": true,
      "isRequired": true,
      "isUnique": false,
      "isId": false,
      "isReadOnly": false,
      "hasDefaultValue": false,
      "type": "accounts_recivable_attachments",
      "relationName": "ar_attachments_updated_by",
      "relationFromFields": [],
      "relationToFields": [],
      "isGenerated": false,
      "isUpdatedAt": false
    },
    {
      "name": "signatures_created_by",
      "kind": "object",
      "isList": true,
      "isRequired": true,
      "isUnique": false,
      "isId": false,
      "isReadOnly": false,
      "hasDefaultValue": false,
      "type": "signatures",
      "relationName": "signatures_created_by",
      "relationFromFields": [],
      "relationToFields": [],
      "isGenerated": false,
      "isUpdatedAt": false
    },
    {
      "name": "signatures_updated_by",
      "kind": "object",
      "isList": true,
      "isRequired": true,
      "isUnique": false,
      "isId": false,
      "isReadOnly": false,
      "hasDefaultValue": false,
      "type": "signatures",
      "relationName": "signatures_updated_by",
      "relationFromFields": [],
      "relationToFields": [],
      "isGenerated": false,
      "isUpdatedAt": false
    }
  ]
}