{
  "name": "offers",
  "dbName": null,
  "fields": [
    {
      "name": "id",
      "kind": "scalar",
      "isList": false,
      "isRequired": true,
      "isUnique": false,
      "isId": true,
      "isReadOnly": false,
      "hasDefaultValue": true,
      "type": "String",
      "default": {
        "name": "uuid",
        "args": []
      },
      "isGenerated": false,
      "isUpdatedAt": false
    },
    {
      "name": "payment_mode",
      "kind": "scalar",
      "isList": false,
      "isRequired": true,
      "isUnique": false,
      "isId": false,
      "isReadOnly": false,
      "hasDefaultValue": false,
      "type": "String",
      "isGenerated": false,
      "isUpdatedAt": false
    },
    {
      "name": "min_amount",
      "kind": "scalar",
      "isList": false,
      "isRequired": true,
      "isUnique": false,
      "isId": false,
      "isReadOnly": false,
      "hasDefaultValue": true,
      "type": "Float",
      "default": 0,
      "isGenerated": false,
      "isUpdatedAt": false
    },
    {
      "name": "offer_type",
      "kind": "scalar",
      "isList": false,
      "isRequired": true,
      "isUnique": false,
      "isId": false,
      "isReadOnly": false,
      "hasDefaultValue": false,
      "type": "Int",
      "isGenerated": false,
      "isUpdatedAt": false
    },
    {
      "name": "offer_period",
      "kind": "scalar",
      "isList": false,
      "isRequired": false,
      "isUnique": false,
      "isId": false,
      "isReadOnly": false,
      "hasDefaultValue": false,
      "type": "Int",
      "isGenerated": false,
      "isUpdatedAt": false
    },
    {
      "name": "is_active",
      "kind": "scalar",
      "isList": false,
      "isRequired": true,
      "isUnique": false,
      "isId": false,
      "isReadOnly": false,
      "hasDefaultValue": true,
      "type": "Boolean",
      "default": true,
      "isGenerated": false,
      "isUpdatedAt": false
    },
    {
      "name": "rate",
      "kind": "scalar",
      "isList": false,
      "isRequired": true,
      "isUnique": false,
      "isId": false,
      "isReadOnly": false,
      "hasDefaultValue": false,
      "type": "Float",
      "isGenerated": false,
      "isUpdatedAt": false
    },
    {
      "name": "start_at",
      "kind": "scalar",
      "isList": false,
      "isRequired": false,
      "isUnique": false,
      "isId": false,
      "isReadOnly": false,
      "hasDefaultValue": false,
      "type": "DateTime",
      "isGenerated": false,
      "isUpdatedAt": false
    },
    {
      "name": "end_at",
      "kind": "scalar",
      "isList": false,
      "isRequired": false,
      "isUnique": false,
      "isId": false,
      "isReadOnly": false,
      "hasDefaultValue": false,
      "type": "DateTime",
      "isGenerated": false,
      "isUpdatedAt": false
    }
  ],
  "primaryKey": null,
  "uniqueFields": [
    [
      "payment_mode",
      "offer_type"
    ]
  ],
  "uniqueIndexes": [
    {
      "name": null,
      "fields": [
        "payment_mode",
        "offer_type"
      ]
    }
  ],
  "isGenerated": false,
  "relations": [
    {
      "name": "ticket_offers_fk",
      "kind": "object",
      "isList": true,
      "isRequired": true,
      "isUnique": false,
      "isId": false,
      "isReadOnly": false,
      "hasDefaultValue": false,
      "type": "ticket_offers",
      "relationName": "offer_id",
      "relationFromFields": [],
      "relationToFields": [],
      "isGenerated": false,
      "isUpdatedAt": false
    }
  ]
}