{
  "name": "organisation",
  "dbName": null,
  "fields": [
    {
      "name": "id",
      "kind": "scalar",
      "isList": false,
      "isRequired": true,
      "isUnique": false,
      "isId": true,
      "isReadOnly": true,
      "hasDefaultValue": false,
      "type": "String",
      "isGenerated": false,
      "isUpdatedAt": false
    },
    {
      "name": "name",
      "kind": "scalar",
      "isList": false,
      "isRequired": true,
      "isUnique": false,
      "isId": false,
      "isReadOnly": false,
      "hasDefaultValue": false,
      "type": "String",
      "isGenerated": false,
      "isUpdatedAt": false
    },
    {
      "name": "display_name",
      "kind": "scalar",
      "isList": false,
      "isRequired": true,
      "isUnique": false,
      "isId": false,
      "isReadOnly": false,
      "hasDefaultValue": false,
      "type": "String",
      "isGenerated": false,
      "isUpdatedAt": false
    },
    {
      "name": "license_no",
      "kind": "scalar",
      "isList": false,
      "isRequired": false,
      "isUnique": true,
      "isId": false,
      "isReadOnly": false,
      "hasDefaultValue": false,
      "type": "String",
      "isGenerated": false,
      "isUpdatedAt": false
    },
    {
      "name": "logo_url",
      "kind": "scalar",
      "isList": false,
      "isRequired": false,
      "isUnique": false,
      "isId": false,
      "isReadOnly": false,
      "hasDefaultValue": false,
      "type": "String",
      "isGenerated": false,
      "isUpdatedAt": false
    },
    {
      "name": "years_in_business",
      "kind": "scalar",
      "isList": false,
      "isRequired": false,
      "isUnique": false,
      "isId": false,
      "isReadOnly": false,
      "hasDefaultValue": false,
      "type": "String",
      "isGenerated": false,
      "isUpdatedAt": false
    },
    {
      "name": "created_by",
      "kind": "scalar",
      "isList": false,
      "isRequired": false,
      "isUnique": false,
      "isId": false,
      "isReadOnly": true,
      "hasDefaultValue": false,
      "type": "String",
      "isGenerated": false,
      "isUpdatedAt": false
    },
    {
      "name": "updated_by",
      "kind": "scalar",
      "isList": false,
      "isRequired": false,
      "isUnique": false,
      "isId": false,
      "isReadOnly": true,
      "hasDefaultValue": false,
      "type": "String",
      "isGenerated": false,
      "isUpdatedAt": false
    },
    {
      "name": "created_at",
      "kind": "scalar",
      "isList": false,
      "isRequired": false,
      "isUnique": false,
      "isId": false,
      "isReadOnly": false,
      "hasDefaultValue": true,
      "type": "DateTime",
      "default": {
        "name": "now",
        "args": []
      },
      "isGenerated": false,
      "isUpdatedAt": false
    },
    {
      "name": "updated_at",
      "kind": "scalar",
      "isList": false,
      "isRequired": false,
      "isUnique": false,
      "isId": false,
      "isReadOnly": false,
      "hasDefaultValue": false,
      "type": "DateTime",
      "isGenerated": false,
      "isUpdatedAt": true
    }
  ],
  "primaryKey": null,
  "uniqueFields": [],
  "uniqueIndexes": [],
  "isGenerated": false,
  "relations": [
    {
      "name": "organisation_created_by",
      "kind": "object",
      "isList": false,
      "isRequired": false,
      "isUnique": false,
      "isId": false,
      "isReadOnly": false,
      "hasDefaultValue": false,
      "type": "member",
      "relationName": "organisation_created_by",
      "relationFromFields": [
        "created_by"
      ],
      "relationToFields": [
        "id"
      ],
      "isGenerated": false,
      "isUpdatedAt": false
    },
    {
      "name": "organisation_updated_by",
      "kind": "object",
      "isList": false,
      "isRequired": false,
      "isUnique": false,
      "isId": false,
      "isReadOnly": false,
      "hasDefaultValue": false,
      "type": "member",
      "relationName": "organisation_updated_by",
      "relationFromFields": [
        "updated_by"
      ],
      "relationToFields": [
        "id"
      ],
      "isGenerated": false,
      "isUpdatedAt": false
    },
    {
      "name": "organisation_id",
      "kind": "object",
      "isList": false,
      "isRequired": false,
      "isUnique": false,
      "isId": false,
      "isReadOnly": false,
      "hasDefaultValue": false,
      "type": "member",
      "relationName": "organisation_id",
      "relationFromFields": [
        "id"
      ],
      "relationToFields": [
        "id"
      ],
      "isGenerated": false,
      "isUpdatedAt": false
    },
    {
      "name": "organisation_type_organisation_id_fk",
      "kind": "object",
      "isList": true,
      "isRequired": true,
      "isUnique": false,
      "isId": false,
      "isReadOnly": false,
      "hasDefaultValue": false,
      "type": "organisation_type",
      "relationName": "organisation_type_organisation_id",
      "relationFromFields": [],
      "relationToFields": [],
      "isGenerated": false,
      "isUpdatedAt": false
    },
    {
      "name": "platform_invites",
      "kind": "object",
      "isList": true,
      "isRequired": true,
      "isUnique": false,
      "isId": false,
      "isReadOnly": false,
      "hasDefaultValue": false,
      "type": "platform_invites",
      "relationName": "organisationToplatform_invites",
      "relationFromFields": [],
      "relationToFields": [],
      "isGenerated": false,
      "isUpdatedAt": false
    },
    {
      "name": "ticket_activity_assignee",
      "kind": "object",
      "isList": true,
      "isRequired": true,
      "isUnique": false,
      "isId": false,
      "isReadOnly": false,
      "hasDefaultValue": false,
      "type": "ticket_activity",
      "relationName": "ticket_activity_assignee_org",
      "relationFromFields": [],
      "relationToFields": [],
      "isGenerated": false,
      "isUpdatedAt": false
    }
  ]
}