{
  "name": "organisation_type",
  "dbName": null,
  "fields": [
    {
      "name": "id",
      "kind": "scalar",
      "isList": false,
      "isRequired": true,
      "isUnique": false,
      "isId": true,
      "isReadOnly": false,
      "hasDefaultValue": true,
      "type": "String",
      "default": {
        "name": "uuid",
        "args": []
      },
      "isGenerated": false,
      "isUpdatedAt": false
    },
    {
      "name": "type",
      "kind": "scalar",
      "isList": false,
      "isRequired": true,
      "isUnique": false,
      "isId": false,
      "isReadOnly": false,
      "hasDefaultValue": false,
      "type": "Int",
      "isGenerated": false,
      "isUpdatedAt": false
    },
    {
      "name": "created_by",
      "kind": "scalar",
      "isList": false,
      "isRequired": false,
      "isUnique": false,
      "isId": false,
      "isReadOnly": true,
      "hasDefaultValue": false,
      "type": "String",
      "isGenerated": false,
      "isUpdatedAt": false
    },
    {
      "name": "updated_by",
      "kind": "scalar",
      "isList": false,
      "isRequired": false,
      "isUnique": false,
      "isId": false,
      "isReadOnly": true,
      "hasDefaultValue": false,
      "type": "String",
      "isGenerated": false,
      "isUpdatedAt": false
    },
    {
      "name": "created_at",
      "kind": "scalar",
      "isList": false,
      "isRequired": false,
      "isUnique": false,
      "isId": false,
      "isReadOnly": false,
      "hasDefaultValue": true,
      "type": "DateTime",
      "default": {
        "name": "now",
        "args": []
      },
      "isGenerated": false,
      "isUpdatedAt": false
    },
    {
      "name": "updated_at",
      "kind": "scalar",
      "isList": false,
      "isRequired": false,
      "isUnique": false,
      "isId": false,
      "isReadOnly": false,
      "hasDefaultValue": false,
      "type": "DateTime",
      "isGenerated": false,
      "isUpdatedAt": true
    },
    {
      "name": "organisation_id",
      "kind": "scalar",
      "isList": false,
      "isRequired": false,
      "isUnique": false,
      "isId": false,
      "isReadOnly": true,
      "hasDefaultValue": false,
      "type": "String",
      "isGenerated": false,
      "isUpdatedAt": false
    }
  ],
  "primaryKey": null,
  "uniqueFields": [],
  "uniqueIndexes": [],
  "isGenerated": false,
  "relations": [
    {
      "name": "organisation_type_created_by",
      "kind": "object",
      "isList": false,
      "isRequired": false,
      "isUnique": false,
      "isId": false,
      "isReadOnly": false,
      "hasDefaultValue": false,
      "type": "member",
      "relationName": "organisation_type_created_by",
      "relationFromFields": [
        "created_by"
      ],
      "relationToFields": [
        "id"
      ],
      "isGenerated": false,
      "isUpdatedAt": false
    },
    {
      "name": "organisation_type_updated_by",
      "kind": "object",
      "isList": false,
      "isRequired": false,
      "isUnique": false,
      "isId": false,
      "isReadOnly": false,
      "hasDefaultValue": false,
      "type": "member",
      "relationName": "organisation_type_updated_by",
      "relationFromFields": [
        "updated_by"
      ],
      "relationToFields": [
        "id"
      ],
      "isGenerated": false,
      "isUpdatedAt": false
    },
    {
      "name": "organisation_type_organisation_id",
      "kind": "object",
      "isList": false,
      "isRequired": false,
      "isUnique": false,
      "isId": false,
      "isReadOnly": false,
      "hasDefaultValue": false,
      "type": "organisation",
      "relationName": "organisation_type_organisation_id",
      "relationFromFields": [
        "organisation_id"
      ],
      "relationToFields": [
        "id"
      ],
      "isGenerated": false,
      "isUpdatedAt": false
    }
  ]
}