{
  "name": "process_path",
  "dbName": null,
  "fields": [
    {
      "name": "id",
      "kind": "scalar",
      "isList": false,
      "isRequired": true,
      "isUnique": false,
      "isId": true,
      "isReadOnly": false,
      "hasDefaultValue": true,
      "type": "String",
      "default": {
        "name": "uuid",
        "args": []
      },
      "isGenerated": false,
      "isUpdatedAt": false
    },
    {
      "name": "name",
      "kind": "scalar",
      "isList": false,
      "isRequired": true,
      "isUnique": true,
      "isId": false,
      "isReadOnly": false,
      "hasDefaultValue": false,
      "type": "String",
      "isGenerated": false,
      "isUpdatedAt": false
    },
    {
      "name": "display_name",
      "kind": "scalar",
      "isList": false,
      "isRequired": true,
      "isUnique": true,
      "isId": false,
      "isReadOnly": false,
      "hasDefaultValue": false,
      "type": "String",
      "isGenerated": false,
      "isUpdatedAt": false
    },
    {
      "name": "created_by",
      "kind": "scalar",
      "isList": false,
      "isRequired": false,
      "isUnique": false,
      "isId": false,
      "isReadOnly": true,
      "hasDefaultValue": false,
      "type": "String",
      "isGenerated": false,
      "isUpdatedAt": false
    },
    {
      "name": "updated_by",
      "kind": "scalar",
      "isList": false,
      "isRequired": false,
      "isUnique": false,
      "isId": false,
      "isReadOnly": true,
      "hasDefaultValue": false,
      "type": "String",
      "isGenerated": false,
      "isUpdatedAt": false
    },
    {
      "name": "created_at",
      "kind": "scalar",
      "isList": false,
      "isRequired": false,
      "isUnique": false,
      "isId": false,
      "isReadOnly": false,
      "hasDefaultValue": true,
      "type": "DateTime",
      "default": {
        "name": "now",
        "args": []
      },
      "isGenerated": false,
      "isUpdatedAt": false
    },
    {
      "name": "updated_at",
      "kind": "scalar",
      "isList": false,
      "isRequired": false,
      "isUnique": false,
      "isId": false,
      "isReadOnly": false,
      "hasDefaultValue": false,
      "type": "DateTime",
      "isGenerated": false,
      "isUpdatedAt": true
    },
    {
      "name": "from_stage",
      "kind": "scalar",
      "isList": false,
      "isRequired": false,
      "isUnique": false,
      "isId": false,
      "isReadOnly": true,
      "hasDefaultValue": false,
      "type": "String",
      "isGenerated": false,
      "isUpdatedAt": false
    },
    {
      "name": "to_stage",
      "kind": "scalar",
      "isList": false,
      "isRequired": false,
      "isUnique": false,
      "isId": false,
      "isReadOnly": true,
      "hasDefaultValue": false,
      "type": "String",
      "isGenerated": false,
      "isUpdatedAt": false
    },
    {
      "name": "process_id",
      "kind": "scalar",
      "isList": false,
      "isRequired": true,
      "isUnique": false,
      "isId": false,
      "isReadOnly": false,
      "hasDefaultValue": false,
      "type": "String",
      "isGenerated": false,
      "isUpdatedAt": false
    }
  ],
  "primaryKey": null,
  "uniqueFields": [],
  "uniqueIndexes": [],
  "isGenerated": false,
  "relations": [
    {
      "name": "process_path_created_by",
      "kind": "object",
      "isList": false,
      "isRequired": false,
      "isUnique": false,
      "isId": false,
      "isReadOnly": false,
      "hasDefaultValue": false,
      "type": "member",
      "relationName": "process_path_created_by",
      "relationFromFields": [
        "created_by"
      ],
      "relationToFields": [
        "id"
      ],
      "isGenerated": false,
      "isUpdatedAt": false
    },
    {
      "name": "process_path_updated_by",
      "kind": "object",
      "isList": false,
      "isRequired": false,
      "isUnique": false,
      "isId": false,
      "isReadOnly": false,
      "hasDefaultValue": false,
      "type": "member",
      "relationName": "process_path_updated_by",
      "relationFromFields": [
        "updated_by"
      ],
      "relationToFields": [
        "id"
      ],
      "isGenerated": false,
      "isUpdatedAt": false
    },
    {
      "name": "process_path_from_stage",
      "kind": "object",
      "isList": false,
      "isRequired": false,
      "isUnique": false,
      "isId": false,
      "isReadOnly": false,
      "hasDefaultValue": false,
      "type": "stage",
      "relationName": "process_path_from_stage",
      "relationFromFields": [
        "from_stage"
      ],
      "relationToFields": [
        "id"
      ],
      "isGenerated": false,
      "isUpdatedAt": false
    },
    {
      "name": "process_path_to_stage",
      "kind": "object",
      "isList": false,
      "isRequired": false,
      "isUnique": false,
      "isId": false,
      "isReadOnly": false,
      "hasDefaultValue": false,
      "type": "stage",
      "relationName": "process_path_to_stage",
      "relationFromFields": [
        "to_stage"
      ],
      "relationToFields": [
        "id"
      ],
      "isGenerated": false,
      "isUpdatedAt": false
    }
  ]
}