{
  "name": "roles",
  "dbName": null,
  "fields": [
    {
      "name": "id",
      "kind": "scalar",
      "isList": false,
      "isRequired": true,
      "isUnique": false,
      "isId": true,
      "isReadOnly": false,
      "hasDefaultValue": true,
      "type": "String",
      "default": {
        "name": "uuid",
        "args": []
      },
      "isGenerated": false,
      "isUpdatedAt": false
    },
    {
      "name": "name",
      "kind": "scalar",
      "isList": false,
      "isRequired": true,
      "isUnique": false,
      "isId": false,
      "isReadOnly": false,
      "hasDefaultValue": false,
      "type": "String",
      "isGenerated": false,
      "isUpdatedAt": false
    },
    {
      "name": "display_name",
      "kind": "scalar",
      "isList": false,
      "isRequired": true,
      "isUnique": false,
      "isId": false,
      "isReadOnly": false,
      "hasDefaultValue": false,
      "type": "String",
      "isGenerated": false,
      "isUpdatedAt": false
    },
    {
      "name": "created_at",
      "kind": "scalar",
      "isList": false,
      "isRequired": false,
      "isUnique": false,
      "isId": false,
      "isReadOnly": false,
      "hasDefaultValue": true,
      "type": "DateTime",
      "default": {
        "name": "now",
        "args": []
      },
      "isGenerated": false,
      "isUpdatedAt": false
    },
    {
      "name": "updated_at",
      "kind": "scalar",
      "isList": false,
      "isRequired": false,
      "isUnique": false,
      "isId": false,
      "isReadOnly": false,
      "hasDefaultValue": false,
      "type": "DateTime",
      "isGenerated": false,
      "isUpdatedAt": true
    },
    {
      "name": "member_id",
      "kind": "scalar",
      "isList": false,
      "isRequired": true,
      "isUnique": false,
      "isId": false,
      "isReadOnly": true,
      "hasDefaultValue": false,
      "type": "String",
      "isGenerated": false,
      "isUpdatedAt": false
    }
  ],
  "primaryKey": null,
  "uniqueFields": [],
  "uniqueIndexes": [],
  "isGenerated": false,
  "relations": [
    {
      "name": "member_fk",
      "kind": "object",
      "isList": false,
      "isRequired": false,
      "isUnique": false,
      "isId": false,
      "isReadOnly": false,
      "hasDefaultValue": false,
      "type": "member",
      "relationName": "member_id",
      "relationFromFields": [
        "member_id"
      ],
      "relationToFields": [
        "id"
      ],
      "isGenerated": false,
      "isUpdatedAt": false
    },
    {
      "name": "user_organisation",
      "kind": "object",
      "isList": true,
      "isRequired": true,
      "isUnique": false,
      "isId": false,
      "isReadOnly": false,
      "hasDefaultValue": false,
      "type": "user_organisation",
      "relationName": "rolesTouser_organisation",
      "relationFromFields": [
        "role_id"
      ],
      "relationToFields": [
        "id"
      ],
      "isGenerated": false,
      "isUpdatedAt": false
    }
  ]
}