{
  "name": "user",
  "dbName": null,
  "fields": [
    {
      "name": "id",
      "kind": "scalar",
      "isList": false,
      "isRequired": true,
      "isUnique": false,
      "isId": true,
      "isReadOnly": true,
      "hasDefaultValue": false,
      "type": "String",
      "isGenerated": false,
      "isUpdatedAt": false
    },
    {
      "name": "first_name",
      "kind": "scalar",
      "isList": false,
      "isRequired": true,
      "isUnique": false,
      "isId": false,
      "isReadOnly": false,
      "hasDefaultValue": false,
      "type": "String",
      "isGenerated": false,
      "isUpdatedAt": false
    },
    {
      "name": "middle_name",
      "kind": "scalar",
      "isList": false,
      "isRequired": false,
      "isUnique": false,
      "isId": false,
      "isReadOnly": false,
      "hasDefaultValue": false,
      "type": "String",
      "isGenerated": false,
      "isUpdatedAt": false
    },
    {
      "name": "last_name",
      "kind": "scalar",
      "isList": false,
      "isRequired": false,
      "isUnique": false,
      "isId": false,
      "isReadOnly": false,
      "hasDefaultValue": false,
      "type": "String",
      "isGenerated": false,
      "isUpdatedAt": false
    },
    {
      "name": "country_code",
      "kind": "scalar",
      "isList": false,
      "isRequired": false,
      "isUnique": false,
      "isId": false,
      "isReadOnly": false,
      "hasDefaultValue": false,
      "type": "String",
      "isGenerated": false,
      "isUpdatedAt": false
    },
    {
      "name": "phn_no",
      "kind": "scalar",
      "isList": false,
      "isRequired": false,
      "isUnique": true,
      "isId": false,
      "isReadOnly": false,
      "hasDefaultValue": false,
      "type": "String",
      "isGenerated": false,
      "isUpdatedAt": false
    },
    {
      "name": "display_name",
      "kind": "scalar",
      "isList": false,
      "isRequired": true,
      "isUnique": false,
      "isId": false,
      "isReadOnly": false,
      "hasDefaultValue": false,
      "type": "String",
      "isGenerated": false,
      "isUpdatedAt": false
    },
    {
      "name": "status",
      "kind": "scalar",
      "isList": false,
      "isRequired": true,
      "isUnique": false,
      "isId": false,
      "isReadOnly": false,
      "hasDefaultValue": true,
      "type": "Int",
      "default": 4,
      "isGenerated": false,
      "isUpdatedAt": false
    },
    {
      "name": "is_email_verified",
      "kind": "scalar",
      "isList": false,
      "isRequired": true,
      "isUnique": false,
      "isId": false,
      "isReadOnly": false,
      "hasDefaultValue": true,
      "type": "Boolean",
      "default": false,
      "isGenerated": false,
      "isUpdatedAt": false
    },
    {
      "name": "created_by",
      "kind": "scalar",
      "isList": false,
      "isRequired": false,
      "isUnique": false,
      "isId": false,
      "isReadOnly": true,
      "hasDefaultValue": false,
      "type": "String",
      "isGenerated": false,
      "isUpdatedAt": false
    },
    {
      "name": "updated_by",
      "kind": "scalar",
      "isList": false,
      "isRequired": false,
      "isUnique": false,
      "isId": false,
      "isReadOnly": true,
      "hasDefaultValue": false,
      "type": "String",
      "isGenerated": false,
      "isUpdatedAt": false
    },
    {
      "name": "created_at",
      "kind": "scalar",
      "isList": false,
      "isRequired": false,
      "isUnique": false,
      "isId": false,
      "isReadOnly": false,
      "hasDefaultValue": true,
      "type": "DateTime",
      "default": {
        "name": "now",
        "args": []
      },
      "isGenerated": false,
      "isUpdatedAt": false
    },
    {
      "name": "updated_at",
      "kind": "scalar",
      "isList": false,
      "isRequired": false,
      "isUnique": false,
      "isId": false,
      "isReadOnly": false,
      "hasDefaultValue": false,
      "type": "DateTime",
      "isGenerated": false,
      "isUpdatedAt": true
    }
  ],
  "primaryKey": null,
  "uniqueFields": [],
  "uniqueIndexes": [],
  "isGenerated": false,
  "relations": [
    {
      "name": "user_created_by",
      "kind": "object",
      "isList": false,
      "isRequired": false,
      "isUnique": false,
      "isId": false,
      "isReadOnly": false,
      "hasDefaultValue": false,
      "type": "member",
      "relationName": "user_created_by",
      "relationFromFields": [
        "created_by"
      ],
      "relationToFields": [
        "id"
      ],
      "isGenerated": false,
      "isUpdatedAt": false
    },
    {
      "name": "user_updated_by",
      "kind": "object",
      "isList": false,
      "isRequired": false,
      "isUnique": false,
      "isId": false,
      "isReadOnly": false,
      "hasDefaultValue": false,
      "type": "member",
      "relationName": "user_updated_by",
      "relationFromFields": [
        "updated_by"
      ],
      "relationToFields": [
        "id"
      ],
      "isGenerated": false,
      "isUpdatedAt": false
    },
    {
      "name": "user_id",
      "kind": "object",
      "isList": false,
      "isRequired": false,
      "isUnique": false,
      "isId": false,
      "isReadOnly": false,
      "hasDefaultValue": false,
      "type": "member",
      "relationName": "user_id",
      "relationFromFields": [
        "id"
      ],
      "relationToFields": [
        "id"
      ],
      "isGenerated": false,
      "isUpdatedAt": false
    },
    {
      "name": "user_email_user_id_fk",
      "kind": "object",
      "isList": true,
      "isRequired": true,
      "isUnique": false,
      "isId": false,
      "isReadOnly": false,
      "hasDefaultValue": false,
      "type": "user_email",
      "relationName": "user_email_user_id",
      "relationFromFields": [],
      "relationToFields": [],
      "isGenerated": false,
      "isUpdatedAt": false
    },
    {
      "name": "user_authentication_info_user_id_fk",
      "kind": "object",
      "isList": true,
      "isRequired": true,
      "isUnique": false,
      "isId": false,
      "isReadOnly": false,
      "hasDefaultValue": false,
      "type": "user_authentication_info",
      "relationName": "user_authentication_info_user_id",
      "relationFromFields": [],
      "relationToFields": [],
      "isGenerated": false,
      "isUpdatedAt": false
    }
  ]
}